Title (SLO),Coordinates,Image Link
Lukovica,"[14.69019410026546, 46.16833610794798]",https://www.drsc.si/kamere/kamslike/Lukovica/slike/Luk1_0001.jpg
 V Zideh ,"[14.898100853022859, 46.189811134575635]",https://kamere.dars.si/kamere/drsi_cuvpkamere/V_Zideh_1.jpeg
 V Zideh I,"[14.897587589638842, 46.187171646555186]",https://kamere.dars.si/kamere/drsi_cuvpkamere/V_Zideh_2.jpeg
Log pri Brezovici,"[14.360884747491493, 46.005502371925814]",https://kamere.dars.si/kamere/msc2pics/Cam21_SPEED_VHOD.jpg
Log pri Brezovici,"[14.360884747491493, 46.005502371925814]",https://kamere.dars.si/kamere/msc2pics/Cam22_SPEED_IZHOD.jpg
priključek Brezovica,"[14.440999565854222, 46.02780364156519]",https://kamere.dars.si/kamere/Sentvid_Jug/cam11.jpg
Sinja Gorica,"[14.309498377031709, 45.97740586116317]",https://kamere.dars.si/kamere/Vrhnika/Sinja_gorica_LJ.JPG
Postojna - Razdrto,"[14.120488402495674, 45.765103667338536]",https://kamere.dars.si/kamere/Kozina/Dilce_1.jpg
Postojna - Razdrto ,"[14.120488402495674, 45.765103667338536]",https://kamere.dars.si/kamere/Kozina/Dilce_2.jpg
Studenec,"[14.15158690896182, 45.762330613837676]",https://kamere.dars.si/kamere/Kozina/Portal_P3_Studenec.jpg
Vrhnika izvoz,"[14.302073832637777, 45.968649391242806]",https://kamere.dars.si/kamere/Vrhnika/CP_Vrhnika_Panorama_izhod.JPG
viadukt Verd,"[14.301107911187719, 45.95044613044694]",https://kamere.dars.si/kamere/Vrhnika/Verd_KP.JPG
viadukt Verd,"[14.301107911187719, 45.95044613044694]",https://kamere.dars.si/kamere/Vrhnika/Verd_LJ.JPG
Logatec priključek,"[14.255964625869044, 45.90877264792997]",https://kamere.dars.si/kamere/msc2pics/CP_Logatec_panorama1.jpg
Tankovski most,"[14.271482997709237, 45.93372543554004]",https://kamere.dars.si/kamere/Vrhnika/Stempetov_most_LJ.JPG
Štampetov most,"[14.277140550715817, 45.94079390630013]",https://kamere.dars.si/kamere/Kozina/Stempetov_most_LJ.jpg
"Vrhnika - Logatec, Štampetov most I","[14.277140550715817, 45.94079390630013]",https://kamere.dars.si/kamere/Kozina/Stempetov_most_KP.jpg
Lom,"[14.257642300607406, 45.89197533443883]",https://kamere.dars.si/kamere/msc2pics/Kam8_LOM_LJ.jpg
Lom,"[14.257642300607406, 45.89197533443883]",https://kamere.dars.si/kamere/msc2pics/kam7_Lom_KP.jpg
viadukt Ivanje selo,"[14.294360150021253, 45.83798921640058]",https://kamere.dars.si/kamere/msc2pics/Kam9_IVANJE_SELO_KP.jpg
viadukt Ivanje selo,"[14.294360150021253, 45.83798921640058]",https://kamere.dars.si/kamere/msc2pics/Kam15_IVANJE_SELO_LJ.jpg
portal Unec,"[14.286596227125461, 45.8233472381237]",https://kamere.dars.si/kamere/msc2pics/Portal Unec smer LJ.jpg
portal Unec,"[14.286596227125461, 45.8233472381237]",https://kamere.dars.si/kamere/msc2pics/Portal Unec smer KP.jpg
priključek Postojna,"[14.197303801777096, 45.76181690930987]",https://kamere.dars.si/kamere/msc2pics/Postojna_B_panorama_SD1.jpg
priključek Postojna,"[14.197303801777096, 45.76181690930987]",https://kamere.dars.si/kamere/msc2pics/Postojna_B_panorama_SD2.jpg
priključek Postojna,"[14.197303801777096, 45.76181690930987]",https://kamere.dars.si/kamere/msc2pics/Postojna_A_panorama_2.jpg
Postojna,"[14.197500356540274, 45.759401756144776]",https://kamere.dars.si/kamere/msc2pics/Postojna_A_panorama_1.jpg
Vipavski Križ,"[13.867453426534786, 45.88474939173656]",https://kamere.dars.si/kamere/Bazara/Vipavski_Kriz_PV.jpg
viadukt Ribnik,"[13.867453426534786, 45.88474939173656]",https://kamere.dars.si/kamere/Bazara/Viadukt_Ribnik_SD.jpg
priključek Ajdovščina,"[13.904207503263056, 45.87938897851866]",https://kamere.dars.si/kamere/Bazara/Ajdovscina_smer_KP.jpg
priključek Ajdovščina,"[13.904207503263056, 45.87938897851866]",https://kamere.dars.si/kamere/Bazara/Ajdovscina_smer_GO.jpg
viadukt Lijak,"[13.705343514310648, 45.91814083543008]",https://kamere.dars.si/kamere/Bazara/Viadukt_Lijak_SD.jpg
Čebulovica,"[13.994993582769188, 45.702137027750624]",https://kamere.dars.si/kamere/Dane/Cebulovica_smer_KP.jpg
Čebulovica,"[13.994993582769188, 45.702137027750624]",https://kamere.dars.si/kamere/Dane/Cebulovica_smer_LJ.jpg
pred uvozom Selo,"[13.786056703596456, 45.896180939647]",https://kamere.dars.si/kamere/snvprebrnice/H4_0778_km02_VN0778_01.jpg
počivališče Mlake,"[13.958616492164763, 45.827930728597686]",https://kamere.dars.si/kamere/snvprebrnice/H4_0374_km11_6a_VN0374_13.jpg
viadukt Selo,"[13.793062452612354, 45.894132423957444]",https://kamere.dars.si/kamere/Bazara/Viadukt_Selo.jpg
Nanos LJ,"[14.049895131802632, 45.75723306745527]",https://kamere.dars.si/kamere/Nanos/CP_Nanos_Panorama_LJ.jpg
Nanos GO,"[14.049895131802632, 45.75723306745527]",https://kamere.dars.si/kamere/Nanos/CP_Nanos_Panorama_GO.jpg
pred razcepom Nanos I,"[14.047682806119868, 45.75731816250632]",https://kamere.dars.si/kamere/snvprebrnice/H4_0774_km05_VN0774_01.jpg
Barnica,"[14.00719518329639, 45.78426639759655]",https://kamere.dars.si/kamere/snvprebrnice/H4_0774_km5_4a_VN0774_06.jpg
odsek Razdrto - Divača,"[14.018091851350187, 45.729367267919294]",https://kamere.dars.si/kamere/Nanos/Bandera_KP.jpg
odsek Razdrto - Divača,"[14.04592627865953, 45.75250751876896]",https://kamere.dars.si/kamere/Nanos/Goli_vrh_KP.jpg
odsek Razdrto - Divača,"[14.04592627865953, 45.75250751876896]",https://kamere.dars.si/kamere/Nanos/Goli_vrh_LJ.jpg
pokriti vkop Rebrnice II,"[14.029036765964447, 45.77091247968887]",https://kamere.dars.si/kamere/snvprebrnice/H4_0774_km4_3_VN0774_08.jpg
Podnanos II,"[13.971103322587098, 45.812425721462326]",https://kamere.dars.si/kamere/snvprebrnice/H4_0774_km9_5_VN0774_10.jpg
Podnanos I,"[13.978086769589607, 45.80557236129904]",https://kamere.dars.si/kamere/snvprebrnice/H4_0774_km8_4a_VN0774_09.jpg
MP Vrtojba,"[13.640902326778818, 45.921201732071]",https://kamere.dars.si/kamere/snvprebrnice/H4_0780_km1_VN0780_01.jpg
Videž,"[13.938408138889379, 45.613202045116566]",https://kamere.dars.si/kamere/Videz/Videz_18_KP.jpg
Videž,"[13.938408138889379, 45.613202045116566]",https://kamere.dars.si/kamere/Videz/Videz_LJ.jpg
Sežana vzhod I,"[13.894908187982164, 45.71378935024126]",https://kamere.dars.si/kamere/Dane/CP%20Dane%20Panorama%20izstop.jpg
Sežana vzhod II,"[13.894908187982164, 45.71378935024126]",https://kamere.dars.si/kamere/Dane/CP%20Dane%20Panorama%20vstop.jpg
Sežana zahod,"[13.852283316438845, 45.70836223414354]",https://kamere.dars.si/kamere/Dane/Sd_Tabor_Fernetici.jpg
"Sežana vzhod, A3 prik.","[13.876978258477255, 45.71042041445389]",https://kamere.dars.si/kamere/drsi_cuvpkamere/Sežana.jpeg
Škofije,"[13.783356839568638, 45.564206360414914]",https://kamere.dars.si/kamere/obala/Sermin_H5_0388_2400m.jpg
priključek Bertoki,"[13.763816235471639, 45.547033829233946]",https://kamere.dars.si/kamere/obala/Bertoki_KP_H5_0236_500m.jpg
priključek Bertoki,"[13.763816235471639, 45.547033829233946]",https://kamere.dars.si/kamere/obala/Bertoki_KP_H5_0737_500m.jpg
Jagodje,"[13.650305286431095, 45.52527008234087]",https://kamere.dars.si/kamere/Kozina/vn7_Izola.jpg
Izola,"[13.673143971848923, 45.533909369694676]",https://kamere.dars.si/kamere/Kozina/vn11_Jagodje.jpg
Male Loče,"[14.104556025594514, 45.540067403642766]",https://www.drsc.si/kamere/kamslike/Obrov/Obr1_0001.jpg
Čatež ob Savi,"[15.602772046373309, 45.892362000076055]",http://www.drsc.si/kamere/KamSlike/Catez/slike/Cat1_0001.jpg
priključek Lj.-Šentjakob-MB,"[14.587284416590755, 46.09094034476967]",https://kamere.dars.si/kamere/Golovec/K27_Sentjakob_MB_8.jpg
priključek Lj.-Šentjakob-Lj.,"[14.587284416590755, 46.09094034476967]",https://kamere.dars.si/kamere/Golovec/K28_Sentjakob_LJ_7.jpg
Kompolje,"[14.723308818100145, 46.17066978843345]",https://kamere.dars.si/kamere/Golovec/CP_Kompolje_ABC_LJ_panorama.JPG
Kompolje,"[14.723308818100145, 46.17066978843345]",https://kamere.dars.si/kamere/Golovec/CP_Kompolje_ABC_MB_panorama.JPG
"Vrhnika, AC","[14.299910878366848, 45.96888075699547]",https://www.drsc.si/kamere/KamSlike/VrhnikaAC/slike/Vac1_0001.jpg
"R2-409, Brezovica – Vrhnika, Vrhnika AC priključek","[14.299910878366848, 45.96888075699547]",https://www.drsc.si/kamere/KamSlike/VrhnikaAC2/slike/Vac2_0001.jpg
Brezovica III,"[14.43391255924274, 46.02748184819876]",https://www.drsc.si/kamere/KamSlike/BrezovicaAC/slike/Bac1_0001.jpg
Brezovica III,"[14.43391255924274, 46.02748184819876]",https://www.drsc.si/kamere/KamSlike/BrezovicaAC2/slike/Bac2_0001.jpg
Dragomer,"[14.387284407731151, 46.01772166291442]",http://www.drsc.si/kamere/KamSlike/Dragomer/slike/Dra1_0001.jpg
priključek Blagovica,"[14.795656913929596, 46.17402310366416]",https://kamere.dars.si/kamere/Golovec/K17_Blagovica_1.jpg
priključek Krtina,"[14.651245997709264, 46.15381688636432]",https://kamere.dars.si/kamere/Vransko/K02_Panorama2.jpg
Vransko,"[14.999414519860432, 46.25727530303762]",https://kamere.dars.si/kamere/Vransko/cam1.jpg
priključek Celje-center,"[15.28345668873717, 46.25436042005092]",https://kamere.dars.si/kamere/Baza_Konjice/Celje_SD.jpg
priključek Dramlje,"[15.391860636240128, 46.26349828155536]",https://kamere.dars.si/kamere/Baza_Konjice/Dramlje_SD.jpg
viadukt Slatina,"[15.425099717828006, 46.28233631355191]",https://kamere.dars.si/kamere/Tepanje/Slatina_2.jpg
viadukt Slatina,"[15.425099717828006, 46.28233631355191]",https://kamere.dars.si/kamere/Tepanje/Slatina_1.jpg
viadukt Škedenj,"[15.448186244930636, 46.30617152886988]",https://kamere.dars.si/kamere/Tepanje/Škedenj_2.jpg
viadukt Škedenj,"[15.448186244930636, 46.30617152886988]",https://kamere.dars.si/kamere/Tepanje/Škedenj_1.jpg
Tepanje,"[15.477466282845628, 46.3401105660856]",https://kamere.dars.si/kamere/Tepanje/CP_Tepanje_jug.jpg
Tepanje,"[15.477466282845628, 46.3401105660856]",https://kamere.dars.si/kamere/Tepanje/CP_Tepanje_sever.jpg
Fram A1,"[15.656168798112022, 46.459959709801815]",https://kamere.dars.si/kamere/Baza_Konjice/Fram.jpg
Vrhole,"[15.51343376609872, 46.363946129631834]",https://kamere.dars.si/kamere/Baza_Konjice/Vrhole_LJ.jpg
Vrhole,"[15.51343376609872, 46.363946129631834]",https://kamere.dars.si/kamere/Baza_Konjice/Vrhole_MB.jpg
priključek Slovenska Bistrica- jug,"[15.573903107946874, 46.383523370229426]",https://kamere.dars.si/kamere/Baza_Konjice/Sl_Bistrica_SD.jpg
razcep Slivnica,"[15.657514202097298, 46.47703999760964]",https://kamere.dars.si/kamere/Maribor/IP_17_L05.1_Slivnica2.jpg
viadukt Dragočova,"[15.689295006279371, 46.583116838243484]",https://kamere.dars.si/kamere/Maribor/IP_18_L06.1_Dragocova.jpg
viadukt Dragučova,"[15.689295006279371, 46.583116838243484]",https://kamere.dars.si/kamere/Maribor/IP_19_L06.2_Dragocova.jpg
priključek Slovenska Bistrica - sever,"[15.600559133740747, 46.39702030805011]",https://kamere.dars.si/kamere/Baza_Konjice/Devina_MB.jpg
priključek Slovenska Bistrica,"[15.600559133740747, 46.39702030805011]",https://kamere.dars.si/kamere/Baza_Konjice/Devina_LJ.jpg
Prepolje jug,"[15.760696042501937, 46.451819483310416]",https://kamere.dars.si/kamere/Prepolje/prepolje.jpg
Prepolje sever,"[15.760696042501937, 46.451819483310416]",https://kamere.dars.si/kamere/Tepanje/K02_smer_Ptuj.jpg
Dravsko polje,"[15.794028237627934, 46.43003367093812]",https://kamere.dars.si/kamere/Maribor/IP_12_L02.1_D_Polje.jpg
Hajdina I,"[15.833486906007519, 46.39997673059139]",https://kamere.dars.si/kamere/Maribor/IP_13_L03.1_Hajdina.jpg
viadukt Slivnica,"[15.666236036244504, 46.47822826829938]",https://kamere.dars.si/kamere/Maribor/IP_11_L01.1_Slivnica.jpg
Ptuj I,"[15.861887922945337, 46.38877669736588]",https://kamere.dars.si/kamere/Maribor/IP_15_L04.1_Ptuj.jpg
Ptuj II,"[15.861887922945337, 46.38877669736588]",https://kamere.dars.si/kamere/Maribor/IP_16_L04.2_Ptuj.jpg
predor Log,"[15.859142773453232, 46.28550582985994]",https://kamere.dars.si/kamere/Maribor/LOG1.1.jpg
Podlehnik,"[15.879254160225782, 46.325139531171054]",https://kamere.dars.si/kamere/Gruskovje/Podlehnik%20L04_4.jpg
Log - Gruškovje,"[15.86245764118734, 46.27867973826167]",https://kamere.dars.si/kamere/Maribor/LOG1.5.jpg
Zakl,"[15.85576826566572, 46.29238804755337]",https://kamere.dars.si/kamere/Gruskovje/Zakl%20L04_32.jpg
Miklavž,"[15.70304862740637, 46.50193973977716]",https://kamere.dars.si/kamere/drsi_cuvpkamere/Miklavž_Ptujska_C._v_Rogozo_1.jpeg
Miklavž I,"[15.70304862740637, 46.50193973977716]",https://kamere.dars.si/kamere/drsi_cuvpkamere/Miklavž_Ptujska_C._v_Rogozo_2.jpeg
"Rogoza, A1 zahod","[15.668489991855774, 46.50045994915157]",https://kamere.dars.si/kamere/drsi_cuvpkamere/Rogoza_1.jpeg
"Rogoza, A1 vzhod","[15.670450262526902, 46.50041470446536]",https://kamere.dars.si/kamere/drsi_cuvpkamere/Rogoza_2.jpeg
odsek Rogoza - Slivnica (Gramoznica),"[15.669000179555335, 46.49289517995723]",https://kamere.dars.si/kamere/Baza_Konjice/Gramoznica_MB.jpg
odsek Rogoza - Slivnica (Gramoznica),"[15.669000179555335, 46.49289517995723]",https://kamere.dars.si/kamere/Baza_Konjice/Gramoznica_LJ.jpg
Maribor - center,"[15.679665435125328, 46.518392494599134]",https://kamere.dars.si/kamere/Baza_Konjice/Ptujska_SD.jpg
Lormanje,"[15.810285006662445, 46.57438434456107]",https://kamere.dars.si/kamere/drsi_cuvpkamere/Lormanje.jpeg
priključek Šentilj,"[15.648436112482745, 46.67721516102306]",https://kamere.dars.si/kamere/Pesnica/%C5%A0entilj_1.jpg
priključek Šentilj,"[15.648436112482745, 46.67721516102306]",https://kamere.dars.si/kamere/Pesnica/Šentilj_2.jpg
rondo Pesnica,"[15.664007244840652, 46.60168369339378]",https://kamere.dars.si/kamere/Pesnica/Rondo_Pesnica.jpg
Kresnica,"[15.647642748379432, 46.657363934918685]",https://kamere.dars.si/kamere/Pesnica/Kresnice_smer_Šentilj.jpg
Kresnica,"[15.647642748379432, 46.657363934918685]",https://kamere.dars.si/kamere/Pesnica/Kresnice_smer_MB.jpg
CP Pesnica,"[15.661951013153617, 46.611483040963265]",https://kamere.dars.si/kamere/Pesnica/CP_Pesnica_JUG.jpg
Pesnica Jug,"[15.661951013153617, 46.611483040963265]",https://kamere.dars.si/kamere/Pesnica/CP_Pesnica_Panorama_iz_A.jpg
Pesnica I,"[15.661818241007463, 46.61397308915797]",https://kamere.dars.si/kamere/Pesnica/CP_Pesnica_Panorama_iz_MB.jpg
Pesnica II,"[15.661818241007463, 46.61397308915797]",https://kamere.dars.si/kamere/Pesnica/CP_Pesnica_sever.jpg
Pesnica III,"[15.658026409971319, 46.62275429375692]",https://kamere.dars.si/kamere/Pesnica/Pesnica.jpg
Vič,"[14.99484329908514, 46.59883947833525]",https://www.drsc.si/kamere/kamslike/Vic/Vic1_0001.jpg
Pungart,"[15.207389632613184, 46.5023138131409]",https://www.drsc.si/kamere/kamslike/Kope/Kop1_0001.jpg
Pragersko,"[15.629779623101353, 46.39575743155675]",https://www.drsc.si/kamere/kamslike/Pragersko/Pra1_0001.jpg
Slovenska Bistrica I,"[15.57283170479995, 46.39200937206676]",https://kamere.dars.si/kamere/drsi_cuvpkamere/Slovenska_Bistrica_2.jpeg
Slovenska Bistrica II,"[15.57283170479995, 46.39200937206676]",https://kamere.dars.si/kamere/drsi_cuvpkamere/Slovenska_Bistrica_1.jpeg
Prihova,"[14.952808944981676, 46.32476279135502]",https://kamere.dars.si/kamere/drsi_cuvpkamere/Prihova.jpeg
Dragotinci - jug,"[16.038898062875944, 46.58312882703256]",https://kamere.dars.si/kamere/Dragotinci/Dragotinci_Panorama_MB_Pince.jpg
Dragotinci - sever,"[16.038898062875944, 46.58312882703256]",https://kamere.dars.si/kamere/Dragotinci/Dragotinci_Panorama_Pince_MB.jpg
Lazaret,"[13.7241407485826, 45.593903970847904]",https://www.drsc.si/kamere/kamslike/Lazaret/slike/Laz1_0001.jpg
Cenkova,"[15.935127709023435, 46.57510101221138]",https://kamere.dars.si/kamere/Cenkova/cenkova.jpg
Močna,"[15.765095599360144, 46.5708253555838]",https://kamere.dars.si/kamere/Mocna/Mocna_MS.jpg
Pernica,"[15.748635749429575, 46.57494353482165]",https://kamere.dars.si/kamere/Maribor/IP_20_L07.1_Pernica.jpg
Spodnja Senarska,"[15.869342707997946, 46.561019019213155]",https://kamere.dars.si/kamere/Maribor/IP_21_L08.1_Senarska.jpg
Spodnja Senarska I,"[15.868666554441987, 46.56115012364031]",https://kamere.dars.si/kamere/Maribor/IP_22_L08.2_Senarska.jpg
Cerkvenjak,"[15.927535057476659, 46.565203397630526]",https://kamere.dars.si/kamere/Maribor/IP_23_L09.1_Cerkvenjak.jpg
priključek Cerkvenjak,"[15.927548868203422, 46.56524826990232]",https://kamere.dars.si/kamere/Maribor/IP_24_L09.2_Cerkvenjak.jpg
počivališče Sv. Jurij ob Ščavnici,"[16.010179821122573, 46.585116437018804]",https://kamere.dars.si/kamere/Maribor/IP_26_L10.1_Grabonos.jpg
most na Muri,"[16.128966015744982, 46.60727170369329]",https://kamere.dars.si/kamere/Maribor/IP_27_L11.1_Mura.jpg
počivališče Dolinsko - jug,"[16.29905390703154, 46.62095641344986]",https://kamere.dars.si/kamere/Maribor/IP_29_L12.1_Dolinsko.jpg
Lendava,"[16.44319950990685, 46.55676489985159]",https://kamere.dars.si/kamere/Maribor/IP_31_L14.1_Lendava.jpg
nadvoz Trimlini,"[16.45653996981536, 46.53371615105415]",https://kamere.dars.si/kamere/Maribor/IP_33_L15.1_Trimlini.jpg
počivališče Pince,"[16.517290967832942, 46.522464421779965]",https://kamere.dars.si/kamere/Maribor/IP_34_L16.1_Pince.jpg
Vučja vas - Lipovci,"[16.154972641127696, 46.63372599232924]",https://kamere.dars.si/kamere/Maribor/Zapora_Murska_Sobota.jpg
"Vučja vas, A5 jug","[16.106850620631786, 46.59117992230073]",https://kamere.dars.si/kamere/drsi_cuvpkamere/Vučja_vas_2.jpeg
"Vučja vas, A5 sever","[16.10449829616642, 46.59359298980046]",https://kamere.dars.si/kamere/drsi_cuvpkamere/Vučja_vas_1.jpeg
"Murska Sobota, Bakovci A5 sever","[16.15374468019669, 46.64769435500217]",https://kamere.dars.si/kamere/drsi_cuvpkamere/Bakovci_1.jpeg
"Murska Sobota, Bakovci A5 jug","[16.156143755911415, 46.63274419534857]",https://kamere.dars.si/kamere/drsi_cuvpkamere/Bakovci_2.jpeg
Beltinci,"[16.232414147128146, 46.608988592643065]",https://kamere.dars.si/kamere/drsi_cuvpkamere/Beltinci.jpeg
"Lendava, Kranjčeva","[16.461446672241568, 46.55581637046835]",https://kamere.dars.si/kamere/drsi_cuvpkamere/Lendava.jpeg
rondo Dolga vas,"[16.45873153074947, 46.59256449162289]",https://www.drsc.si/kamere/kamslike/Lendava/slike/Len1_0001.jpg
Središče ob Dravi,"[16.249775649913524, 46.39853731484943]",https://www.drsc.si/kamere/kamslike/Sredisce/slike/Sre1_0001.jpg
Ormož,"[16.1678722508632, 46.41099900327824]",https://www.drsc.si/kamere/kamslike/Ormoz/Orm1_0001.jpg
Ptuj (Puhov most),"[15.884715388958355, 46.41469424645432]",https://www.drsc.si/kamere/kamslike/Ptuj/Ptp1_0001.jpg
Učak,"[14.871794948064247, 46.183984623865136]",https://www.drsc.si/kamere/KamSlike/Ucak/slike/Uck1_0001.jpg
Marno,"[15.141597671012226, 46.13984994228202]",https://www.drsc.si/kamere/kamslike/Marno/slike/Mar1_0001.jpg
Šentrupert,"[15.075443379132897, 46.25032121866968]",https://www.drsc.si/kamere/kamslike/Sentrupert/slike/Str1_0001.jpg
Kresnice,"[14.787461622548639, 46.10706679401854]",https://www.drsc.si/kamere/kamslike/Kresnice/slike/Kre1_0001.jpg
Trbovlje,"[15.037705035396401, 46.12567385031349]",https://www.drsc.si/kamere/KamSlike/Trbovlje/slike/Trb1_0001.jpg
Trebeljevo,"[14.73833904132307, 46.012491988213995]",https://www.drsc.si/kamere/kamslike/Trebeljevo/Tbl1_0001.jpg
Jurklošter,"[15.334411832805703, 46.093305611406734]",https://www.drsc.si/kamere/kamslike/Jurkloster/Jur1_0001.jpg
Trbovlje I,"[15.036495868173787, 46.12523527287707]",https://kamere.dars.si/kamere/drsi_cuvpkamere/Trbovlje.jpeg
Mislinja,"[15.190327324974966, 46.43566740782133]",https://www.drsc.si/kamere/KamSlike/Mislinja/slike/Mis1_0001.jpg
Radeljski prelaz,"[15.206402605484655, 46.64500116000569]",https://www.drsc.si/kamere/KamSlike/Radelj/slike/RMP1_0001.jpg
Poljana,"[14.869723983180585, 46.545327959440876]",https://www.drsc.si/kamere/KamSlike/Poljana/slike/Pol1_0001.jpg
Vurmat,"[15.44471203309085, 46.582972812815775]",https://www.drsc.si/kamere/KamSlike/Sturm/slike/Stm1_0001.jpg
Zavodnje,"[15.016972399938604, 46.42448659399309]",https://www.drsc.si/kamere/kamslike/Zavodnje/Zav1_0001.jpg
Radlje ob Dravi,"[15.201534215544273, 46.61410180246481]",https://www.drsc.si/kamere/kamslike/Radlje/Rad1_0001.jpg
Planina pri Sevnici,"[15.41146940031409, 46.100962981323164]",https://www.drsc.si/kamere/kamslike/Planina/Pls1_0001.jpg
Črna na Koroškem,"[14.850117458379165, 46.470286232242664]",https://www.drsc.si/kamere/KamSlike/Crna/slike/Crk1_0001.jpg
Ribnica na Pohorju,"[15.26883882849432, 46.5356659091874]",https://www.drsc.si/kamere/kamslike/RibnicaP/Rbp1_0001.jpg
Velenje 1 (Partizanska cesta),"[15.098767633733146, 46.35984449676153]",https://kamere.dars.si/kamere/drsi_cuvpkamere/Velenje_Partizanska_Gorenje_1.jpeg
Velenje 2 (Partizanska cesta),"[15.098755271904936, 46.359835600449635]",https://kamere.dars.si/kamere/drsi_cuvpkamere/Velenje_Partizanska_Gorenje_2.jpeg
Ravne na Koroškem 1,"[14.949395893653993, 46.543482191557175]",https://kamere.dars.si/kamere/drsi_cuvpkamere/Ravne_na_Koroškem_1.jpeg
Ravne na Koroškem 2,"[14.949395893653993, 46.543482191557175]",https://kamere.dars.si/kamere/drsi_cuvpkamere/Ravne_na_Koroškem_2.jpeg
Selnica ob Dravi I,"[15.489176359587084, 46.549858869258955]",https://kamere.dars.si/kamere/drsi_cuvpkamere/Selnica_ob_Dravi_1.jpeg
Selnica ob Dravi II,"[15.489176359587084, 46.549858869258955]",https://kamere.dars.si/kamere/drsi_cuvpkamere/Selnica_ob_Dravi_2.jpeg
Muta,"[15.16346811832787, 46.60349253531062]",https://kamere.dars.si/kamere/drsi_cuvpkamere/Muta.jpeg
Razdrto,"[14.064673052183505, 45.75737816324529]",https://www.drsc.si/kamere/KamSlike/RazdrtoGSM/slike/Raz1_0001.jpg
Kobarid,"[13.584495715317685, 46.24611507517785]",https://www.drsc.si/kamere/kamSlike/Kobarid/slike/Kob1_0001.jpg
Petrovo Brdo,"[13.999574887522401, 46.215584354695785]",https://www.drsc.si/kamere/kamslike/PetrovoBrdo/slike/Pbr1_0001.jpg
Učja,"[13.451228536884795, 46.30244081666827]",https://www.drsc.si/kamere/kamslike/Ucja/slike/Ucj1_0001.jpg
Rožna Dolina,"[13.64037484211517, 45.94218492530657]",https://www.drsc.si/kamere/KamSlike/RoznaDolina/slike/Rdl1_0001.jpg
Neblo,"[13.502392964484196, 46.005624593508195]",https://www.drsc.si/kamere/KamSlike/Neblo/slike/Neb1_0001.jpg
Robič,"[13.499706438933863, 46.2185194202481]",https://www.drsc.si/kamere/kamslike/Robic/slike/Rob1_0001.jpg
Bovec,"[13.54508582037577, 46.33005988769732]",https://www.hribi.net/spletna_kamera/svinjak/312
Lokve,"[13.791763648873967, 46.01177224388237]",https://www.drsc.si/kamere/kamslike/Lokve/slike/Lok1_0001.jpg
Elblov klanec,"[15.856899046946955, 46.59991569714029]",https://www.drsc.si/kamere/KamSlike/Elbl/slike/Elb1_0001.jpg
Elbov klanec,"[15.856899046946955, 46.59991569714029]",https://www.drsc.si/kamere/KamSlike/Elbl2/slike/Elb2_0001.jpg
Vrhnika,"[14.286701112359914, 45.96145257047118]",https://www.drsc.si/kamere/KamSlike/Vrhnika/slike/Vrh1_0001.jpg
Vnanje Gorice križišče,"[14.417451807782966, 46.0240648497872]",https://www.drsc.si/kamere/KamSlike/Brezovica/slike/Bre1_0001.jpg
"Tržaška cesta, križišče","[14.417451807782966, 46.0240648497872]",https://www.drsc.si/kamere/KamSlike/Brezovica2/slike/Bre2_0001.jpg
"Vnanje Gorice, križišče","[14.417451807782966, 46.0240648497872]",https://www.drsc.si/kamere/KamSlike/BrezovicaNG/slike/Bng1_0001.jpg
Rondo Divača,"[13.970384242829798, 45.67964038731755]",https://www.drsc.si/kamere/KamSlike/Divaca/slike/Div2_0001.jpg
Vrhnika,"[14.297953537445279, 45.96549100370422]",https://www.drsc.si/kamere/KamSlike/VrhnikaMan1/slike/Vrm1_0001.jpg
Vrhnika,"[14.297953537445279, 45.96549100370422]",https://www.drsc.si/kamere/KamSlike/VrhnikaMan2/slike/Vrm2_0001.jpg
"Vrhnika, Cesta 6. maja","[14.29558497787488, 45.96240830239596]",https://kamere.dars.si/kamere/drsi_cuvpkamere/Vrhnika_Cesta_6._maja_-_1.jpeg
"Vrhnika, Cesta 6. maja","[14.29558497787488, 45.96240830239596]",https://kamere.dars.si/kamere/drsi_cuvpkamere/Vrhnika_Cesta_6._maja_-_2.jpeg
Col,"[14.003948032819284, 45.8832831869158]",https://www.drsc.si/kamere/kamslike/col/slike/Col1_0001.jpg
Lomanoše,"[15.947968243292335, 46.67006442194503]",https://www.drsc.si/kamere/kamslike/Lomanose/slike/Lom1_0001.jpg
Hodoš,"[16.326066608560247, 46.82177236728212]",https://www.drsc.si/kamere/KamSlike/Hodos/slike/Hod1_0001.jpg
Gederovci,"[16.05026361301681, 46.67862770045704]",https://www.drsc.si/kamere/kamslike/Gederovci/slike/Ged1_0001.jpg
Šentilj R,"[15.648820430861047, 46.68418540790851]",https://www.drsc.si/kamere/KamSlike/Sentilj/slike/Sen1_0001.jpg
Kuzma,"[16.056169657547574, 46.839194385765246]",https://www.drsc.si/kamere/kamslike/Kuzma/slike/Kuz1_0001.jpg
Prosenjakovci,"[16.327122980401253, 46.74860938540551]",https://www.drsc.si/kamere/KamSlike/Prosenjakovci/slike/Pro1_0001.jpg
Čepinci,"[16.221317835487618, 46.87015362736206]",https://www.drsc.si/kamere/KamSlike/Cepinci/slike/Cep1_0001.jpg
Kobilje,"[16.414202660932, 46.69266664453726]",https://www.drsc.si/kamere/kamslike/Kobilje/slike/Kob1_0001.jpg
Ravbarkomanda,"[14.2345305491646, 45.80690912715848]",https://www.drsc.si/kamere/KamSlike/Ravbarkomanda/slike/Rav1_0001.jpg
Radenci,"[16.03278015906574, 46.62155321620008]",https://www.drsc.si/kamere/KamSlike/KapelskiVrh/slike/Kap1_0001.jpg
Mačkovci,"[16.161883951701753, 46.77658048734074]",https://www.drsc.si/kamere/KamSlike/Mackovci/slike/Mac1_0001.jpg
Logatec,"[14.228554107056572, 45.91948409658131]",http://www.drsc.si/kamere/KamSlike/Logatec/slike/Lgt1_0001.jpg
Spodnje Stranice,"[15.344475153826844, 46.346519971359946]",https://www.drsc.si/kamere/kamslike/SpodnjeStranice/Sst1_0001.jpg
Mrzli Log,"[14.032206790568226, 45.91422652501685]",https://www.drsc.si/kamere/kamslike/MrzliLog/Mzl1_0001.jpg
Novine,"[15.661009955039003, 46.683575635696585]",https://www.drsc.si/kamere/KamSlike/Novine/Nov1_0001.jpg
"Logatec, Jačka 1","[14.231487356640983, 45.91154319627302]",https://kamere.dars.si/kamere/drsi_cuvpkamere/Logatec_1.jpeg
"Logatec, Jačka 2","[14.231487356640983, 45.91154319627302]",https://kamere.dars.si/kamere/drsi_cuvpkamere/Logatec_2.jpeg
Podplat,"[15.575151122754848, 46.24478393086275]",https://www.drsc.si/kamere/KamSlike/Podplat/slike/Pdp1_0001.jpg
prehod Predel,"[13.579066776943955, 46.418652727491924]",https://www.drsc.si/kamere/kamslike/Predel/slike/Pre1_0001.jpg
Zala,"[14.065165682737774, 45.96962040808416]",https://www.drsc.si/kamere/KamSlike/Godovic/slike/God1_0001.jpg
Panovec,"[13.64424496337003, 45.94495631447708]",https://www.drsc.si/kamere/KamSlike/Panovec/slike/Pan1_0001.jpg
Pivka,"[14.191029627663413, 45.66870771116316]",https://www.drsc.si/kamere/KamSlike/Pivka/slike/Piv1_0001.jpg
Starod,"[14.199499319674583, 45.49344749924538]",https://www.drsc.si/kamere/kamslike/Starod/slike/Std1_0001.jpg
Postojna I,"[14.19852025967696, 45.770096329732304]",https://www.drsc.si/kamere/KamSlike/PostojnaCenter/slike/Ptc1_0001.jpg
Pivka I,"[14.19852025967696, 45.770096329732304]",https://www.drsc.si/kamere/KamSlike/PostojnaAC/slike/PAC1_0001.jpg
Postojna II,"[14.19852025967696, 45.770096329732304]",https://www.drsc.si/kamere/KamSlike/PostojnaRazdrto/slike/Por1_0001.jpg
Pivka I,"[14.19852025967696, 45.770096329732304]",https://www.drsc.si/kamere/KamSlike/PostojnaAC/slike/PAC1_0001.jpg
Postojna 4,"[14.195732612137077, 45.76165273696844]",http://www.drsc.si/kamere/KamSlike/PostojnaAC2/slike/PAC2_0001.jpg
Pečica,"[15.555639453073896, 46.268523509646236]",https://www.drsc.si/kamere/kamslike/Pecica/Pec1_0001.jpg
Jelšane,"[14.270991846263687, 45.50265133997066]",https://www.drsc.si/kamere/kamslike/Jelsane/Jel1_0001.jpg
Pivka rondo,"[14.196712994789223, 45.68576209618305]",https://www.drsc.si/kamere/kamslike/PivkaRondo/Piv2_0001.jpg
Kromberk,"[13.67137267689702, 45.95616468155083]",https://www.drsc.si/kamere/kamslike/Kromberk//Kro1_0001.jpg
Postojna AC priključek,"[14.19587141424923, 45.76214878913584]",https://kamere.dars.si/kamere/drsi_cuvpkamere/Postojna_AC_priključek.jpeg
"Nova Gorica, Ščedne","[13.654803065202406, 45.962595144063016]",https://kamere.dars.si/kamere/drsi_cuvpkamere/Solkan_Ščedne_1.jpeg
"Nova Gorica, Ščedne I","[13.654803065202406, 45.962595144063016]",https://kamere.dars.si/kamere/drsi_cuvpkamere/Solkan_Ščedne_2.jpeg
Cerkno,"[13.94825615235657, 46.102249101016895]",https://kamere.dars.si/kamere/drsi_cuvpkamere/Cerkno_Želin.jpeg
Črni Kal,"[13.872042436413887, 45.55181837784177]",https://www.drsc.si/kamere/KamSlike/CrniKal/slike/Crn1_0001.jpg
Krvavi Potok,"[13.904866021799366, 45.621736199462454]",https://www.drsc.si/kamere/kamslike/KrvaviPotok/slike/Krv1_0001.jpg
Rogaška Slatina,"[15.639660575059848, 46.21977776693686]",https://www.drsc.si/kamere/KamSlike/Rogaska/Slike/Rog1_0001.jpg
Podčetrtek,"[15.603074082948998, 46.165199064680245]",https://www.drsc.si/kamere/KamSlike/Podcetrtek/slike/Pdc1_0001.jpg
Valeta,"[13.60188924377093, 45.51671933771108]",https://www.drsc.si/kamere/KamSlike/Valeta/slike/Val1_0001.jpg
Trate,"[15.785174843034989, 46.70608130733817]",https://www.drsc.si/kamere/kamslike/Trate/slike/Tra1_0001.jpg
Parecag,"[13.623076800643114, 45.48314626726547]",https://www.drsc.si/kamere/kamslike/Parecag/Par1_0001.jpg
Dragonja,"[13.65703905894177, 45.46033901629213]",https://www.drsc.si/kamere/kamslike/Dragonja/Dra1_0001.jpg
cestninska postaja Hrušica,"[13.995879352730356, 46.449589073583006]",https://kamere.dars.si/kamere/hrusica/CP_Hrusica_IPCAM.jpg
cestninska postaja Hrušica,"[13.995879352730356, 46.449589073583006]",https://kamere.dars.si/kamere/hrusica/CP_Hrusica_IPCAM2.jpg
cestninska postaja Hrušica,"[13.995879352730356, 46.449589073583006]",https://kamere.dars.si/kamere/Hrusica/CP_Hrusica_Vrtljiva_kamera.jpg
predor Karavanke,"[13.990271871535375, 46.45332307077751]",https://kamere.dars.si/kamere/hrusica/IP3%20Panorama%20Hrusica.jpg
predor Karavanke,"[13.990271871535375, 46.45332307077751]",https://kamere.dars.si/kamere/Hrusica/VN_0601_02.jpg
priključek Hrušica,"[14.009508965112124, 46.44592892722839]",https://kamere.dars.si/kamere/Hrusica/VN_0602_04.jpg
Karavanke - portal,"[14.009508965112124, 46.44592892722839]",https://kamere.dars.si/kamere/Hrusica/VN_0602_05.jpg
Hrušica,"[14.009508965112124, 46.44592892722839]",https://kamere.dars.si/kamere/Hrusica/VN_0601_3A.jpg
Jesenice-vzhod,"[14.090374920026827, 46.41708436657195]",https://kamere.dars.si/kamere/Hrusica/Lipce_smer_Ljubljana.jpg
Jesenice-vzhod,"[14.090374920026827, 46.41708436657195]",https://kamere.dars.si/kamere/Hrusica/Lipce_smer_Jesenice.jpg
Koper,"[13.735218916051, 45.53427716947559]",http://www.drsc.si/kamere/KamSlike/Koper2/slike/Kpc2_0001.jpg
Koper,"[13.735218916051, 45.53427716947559]",http://www.drsc.si/kamere/KamSlike/Koper1/slike/Kpc1_0001.jpg
galerija Moste,"[14.131183686835215, 46.40063979444402]",https://kamere.dars.si/kamere/Hrusica/Breg_smer_Jesenice.jpg
galerija Moste,"[14.131183686835215, 46.40063979444402]",https://kamere.dars.si/kamere/Hrusica/Breg_smer_Ljubljana.jpg
pri Vrbi,"[14.149610943440823, 46.38051594312167]",https://kamere.dars.si/kamere/Hrusica/Vrba_smer_Jesenice.jpg
pri Vrbi,"[14.149610943440823, 46.38051594312167]",https://kamere.dars.si/kamere/Hrusica/Vrba_smer_Ljubljana.jpg
priključek Brezje,"[14.232640850617749, 46.32299709946991]",https://kamere.dars.si/kamere/Hrusica/Brezje_smer_Jesenice.jpg
priključek Brezje,"[14.232640850617749, 46.32299709946991]",https://kamere.dars.si/kamere/Hrusica/Brezje_smer_Ljubljana.jpg
priključek Podtabor,"[14.279331119685136, 46.30934165711658]",https://kamere.dars.si/kamere/Torovo/Podtabor_JE.jpg
priključek Podtabor,"[14.279331119685136, 46.30934165711658]",https://kamere.dars.si/kamere/Torovo/Podtabor_LJ.jpg
priključek Podtabor,"[14.279331119685136, 46.30934165711658]",https://kamere.dars.si/kamere/Torovo/Podtabor_konec_JE.jpg
priključek Podtabor,"[14.279331119685136, 46.30934165711658]",https://kamere.dars.si/kamere/Torovo/Podtabor_konec_LJ.jpg
Voklo,"[14.416094938653485, 46.230415891657515]",https://kamere.dars.si/kamere/Torovo/Voklo_LJ.jpg
Voklo,"[14.416094938653485, 46.230415891657515]",https://kamere.dars.si/kamere/Torovo/Voklo_Kranj.jpg
Strahinj nadvoz,"[14.313317201234517, 46.27740740595749]",https://kamere.dars.si/kamere/Hrusica/Nadvoz_Strahinj_2.jpg
priključek Brezje,"[14.21908090473728, 46.32679382511369]",https://kamere.dars.si/kamere/Hrusica/Brezje_Vrtljiva.jpg
Torovo,"[14.472197681283179, 46.19558424365394]",https://kamere.dars.si/kamere/Torovo/SD_Torovo_KR.jpg
Torovo,"[14.472197681283179, 46.19558424365394]",https://kamere.dars.si/kamere/Torovo/SD_Torovo_LJ.jpg
odsek Lj.- Šentvid - Šmartno,"[14.466055885014008, 46.10078598200914]",https://kamere.dars.si/kamere/ljubljana/Kam19_Sentvid.jpg
priključek Brod,"[14.466055885014008, 46.10078598200914]",https://kamere.dars.si/kamere/Sentvid_Sever/cam3.jpg
Šmartno - Lj./Brod,"[14.466055885014008, 46.10078598200914]",https://kamere.dars.si/kamere/Sentvid_Sever/cam2.jpg
počivališče Povodje,"[14.47598127197731, 46.14547761683215]",https://kamere.dars.si/kamere/Sentvid_Sever/cam0.jpg
Povodje,"[14.47598127197731, 46.14547761683215]",https://kamere.dars.si/kamere/ljubljana/K16_Povodje.jpg
priključek Šmartno,"[14.482066906147539, 46.12452300024505]",https://kamere.dars.si/kamere/Sentvid_Sever/cam1.jpg
Šentvid - Koseze I,"[14.45878004620961, 46.070079014447906]",https://kamere.dars.si/kamere/Sentvid_Jug/cam2.jpg
Šentvid - Koseze II,"[14.45878004620961, 46.070079014447906]",https://kamere.dars.si/kamere/Sentvid_Jug/cam3.jpg
Šentvid - Koseze III,"[14.45878004620961, 46.070079014447906]",https://kamere.dars.si/kamere/Sentvid_Jug/cam4.jpg
Podvin,"[14.209436540240812, 46.34060794094982]",https://www.drsc.si/kamere/KamSlike/Podvin/slike/Pod1_0001.jpg
Dovje,"[13.947116583785315, 46.46459033885383]",https://www.drsc.si/kamere/kamslike/Dovje/slike/Dov1_0001.jpg
Lesce,"[14.150910376208955, 46.36382678737793]",https://www.drsc.si/kamere/KamSlike/Lesce/slike/Les1_0001.jpg
Bled,"[14.11304177840659, 46.3681753067856]",http://www.drsc.si/kamere/kamslike/Bled/slike/Bld1_0001.jpg
Hrušica,"[14.037474682440111, 46.44178567193985]",https://www.drsc.si/kamere/kamslike/Jesenice/Slike/Jes1_0001.jpg
Spodnji Brnik,"[14.48488801599586, 46.228355709013904]",https://www.drsc.si/kamere/kamslike/Brnik/Brn1_0001.jpg
Jesenice,"[14.037813492050981, 46.4417615261459]",https://www.drsc.si/kamere/kamslike/Jesenice2/Jes2_0001.jpg
Podmežakla 1,"[14.037512121168916, 46.441780768101964]",https://kamere.dars.si/kamere/drsi_cuvpkamere/Jesenice_Podmežakla_1.jpeg
Podmežakla 2,"[14.037512121168916, 46.441780768101964]",https://kamere.dars.si/kamere/drsi_cuvpkamere/Jesenice_Podmežakla_2.jpeg
Mojstrana (Vrata),"[13.929483814811785, 46.45288888909585]",https://www.drsc.si/kamere/kamslike/Mojstrana/Moj1_0001.jpg
prehod Ljubelj,"[14.26912230349255, 46.429505508474314]",https://www.drsc.si/kamere/kamslike/Ljubelj/slike/Lju1_0001.jpg
Bitnje,"[13.952450576139094, 46.27821685555611]",https://www.drsc.si/kamere/kamslike/Bohinjska/slike/Boh1_0001.jpg
Jezersko,"[14.500691412831076, 46.3951735158835]",https://www.drsc.si/kamere/kamslike/Jezersko/slike/Jez1_0001.jpg
Rateče,"[13.720699638889434, 46.494378027182]",https://www.drsc.si/kamere/kamslike/Ratece/slike/Rat1_0001.jpg
Rateče,"[13.720699638889434, 46.494378027182]",https://www.drsc.si/kamere/kamslike/Ratece2/slike/Rat2_0001.jpg
Ljubelj,"[14.260880170903244, 46.43272131608131]",https://www.drsc.si/kamere/kamslike/LjubeljT/slike/Ljt1_0001.jpg
prehod Jezersko,"[14.526988096947278, 46.41896525389253]",https://www.drsc.si/kamere/KamSlike/JezerskoMP/slike/JMP1_0001.jpg
Bohinjska Bela,"[14.063244909995696, 46.311791725626364]",https://www.drsc.si/kamere/kamslike/Soteska/Sot1_0001.jpg
Korensko sedlo,"[13.751615289301803, 46.51767962501409]",https://www.drsc.si/kamere/KamSlike/Korensko/slike/Kor1_0001.jpg
Kranj,"[14.349937594693785, 46.237659679610054]",https://www.drsc.si/kamere/KamSlike/Kranj/slike/Kra1_0001.jpg
Polica,"[14.33499429271371, 46.262799802889106]",https://www.drsc.si/kamere/KamSlike/Polica2/slike/Pol2_0001.jpg
Polica,"[14.33499429271371, 46.262799802889106]",https://www.drsc.si/kamere/KamSlike/Polica1/slike/Pol1_0001.jpg
Labore,"[14.355312292337999, 46.22643374867324]",http://www.drsc.si/kamere/KamSlike/Labore/slike/Lab1_0001.jpg
Gobovce,"[14.259477177345987, 46.29230893898518]",https://www.drsc.si/kamere/KamSlike/Gobovce/Gob1_0001.jpg
Kranj Labore,"[14.3530351962984, 46.23171310131856]",https://kamere.dars.si/kamere/drsi_cuvpkamere/Kranj_Labore.jpeg
Kranj II,"[14.349913240798845, 46.237690762451166]",https://kamere.dars.si/kamere/drsi_cuvpkamere/Kranj_železniška_postaja_2.jpeg
Kranj I,"[14.349913240798845, 46.237690762451166]",https://kamere.dars.si/kamere/drsi_cuvpkamere/Kranj_železniška_postaja_1.jpeg
Vodice,"[14.490013515114263, 46.18639123797732]",https://www.drsc.si/kamere/KamSlike/Vodice/slike/Vod1_0001.jpg
Moste pri Komendi,"[14.544028115284847, 46.195291370452836]",https://www.drsc.si/kamere/KamSlike/Moste/slike/Mos1_0001.jpg
Moste pri Komendi,"[14.544028115284847, 46.195291370452836]",https://www.drsc.si/kamere/KamSlike/Moste2/Mos2_0001.jpg
Želodnik,"[14.64372148515293, 46.15847970093483]",https://www.drsc.si/kamere/KamSlike/Zelodnik/slike/Zel1_0001.jpg
Krtina,"[14.651978306303553, 46.152653480273706]",https://www.drsc.si/kamere/KamSlike/Krtina1/slike/Krt1_0001.jpg
Vir pri Domžalah,"[14.616553139891687, 46.15038807018569]",http://www.drsc.si/kamere/KamSlike/Vir/slike/Vir1_0001.jpg
Krtina 2,"[14.649399583963081, 46.15405600056072]",http://www.drsc.si/kamere/KamSlike/Krtina2/slike/Krt2_0001.jpg
Fram,"[15.641855064344098, 46.45284354302711]",http://www.drsc.si/kamere/KamSlike/Fram/Slike/Fra1_0001.jpg
Črnivec,"[14.702181224996076, 46.26065319552376]",http://www.drsc.si/kamere/KamSlike/Crnivec/slike/Crn1_0001.jpg
"Trzin, odcep za Mengeš","[14.565958682304597, 46.13276629833918]",http://www.drsc.si/kamere/KamSlike/Trzin/slike/Trz1_0001.jpg
Trzin IOC,"[14.551258541176272, 46.11975331160209]",http://www.drsc.si/kamere/KamSlike/TrzinIOC/slike/Tri1_0001.jpg
Mali Hrib,"[14.773316418703391, 46.220237114029445]",https://www.drsc.si/kamere/KamSlike/MaliHrib/slike/Tuh1_0001.jpg
Vurberk,"[15.79715117027257, 46.48922684742232]",https://www.drsc.si/kamere/kamslike/Vurberk/Vur1_0001.jpg
Špitalič,"[14.833100498002352, 46.215237517811325]",https://www.drsc.si/kamere/kamslike/Spitalic/Spt1_0001.jpg
Kopivnik,"[15.609153035641485, 46.45961776133534]",https://www.drsc.si/kamere/KamSlike/Kopivnik/Kop1_0001.jpg
Vodice II,"[14.490001991407874, 46.18640468293867]",https://kamere.dars.si/kamere/drsi_cuvpkamere/Vodice_2.jpeg
"Vodice obvoznica I, A2 priključek","[14.486260838434529, 46.184541535227574]",https://kamere.dars.si/kamere/drsi_cuvpkamere/Vodice_obvoznica_1.jpeg
"Vodice obvoznica II, AC priključek","[14.489618114796986, 46.18344452239363]",https://kamere.dars.si/kamere/drsi_cuvpkamere/Vodice_obvoznica_3.jpeg
"Vodice obvoznica III, A2 priključek, smer Moste","[14.486629736792565, 46.18457260806881]",https://kamere.dars.si/kamere/drsi_cuvpkamere/Vodice_obvoznica_2.jpeg
"Franca Seška, smer Moste","[14.496895712766195, 46.1837180644766]",https://kamere.dars.si/kamere/drsi_cuvpkamere/Vodice_obvoznica_4.jpeg
Breg pri Komendi ,"[14.505747860792624, 46.19013500784069]",https://kamere.dars.si/kamere/drsi_cuvpkamere/Vodice_obvoznica_7.jpeg
Medvode,"[14.409337876245159, 46.14741395666167]",https://www.drsc.si/kamere/KamSlike/Medvode/slike/Med1_0001.jpg
Trebija,"[14.101339054805937, 46.09650885846078]",https://www.drsc.si/kamere/kamslike/Trebija/slike/Tre1_0001.jpg
Travnik,"[13.993915273171739, 46.06940353042964]",https://www.drsc.si/kamere/KamSlike/Travnik/slike/Trv1_0001.jpg
Lučine,"[14.19567931258695, 46.062299274971544]",https://www.drsc.si/kamere/kamslike/Lucine/Luc1_0001.jpg
Kladje,"[14.013394428849162, 46.110378956125516]",https://www.drsc.si/kamere/kamslike/Kladje/Kla1_0001.jpg
Medvode I,"[14.41280686526685, 46.13862616224708]",https://kamere.dars.si/kamere/drsi_cuvpkamere/Medvode_1.jpeg
Medvode II,"[14.41280686526685, 46.13862616224708]",https://kamere.dars.si/kamere/drsi_cuvpkamere/Medvode_2.jpeg
"RT-902, Strmec - Mangart, Mangart","[13.610256024440265, 46.42904024305021]",http://www.drsc.si/kamere/kamslike/Mangart/slike/Mgr1_0001.jpg
Vršiška cesta,"[13.743394541751863, 46.43309199632983]",http://meteo.arso.gov.si/uploads/probase/www/observ/webcam/VRSIC_dir/siwc_VRSIC_sw.jpg
Vršiška cesta 86,"[13.762452119216567, 46.44015867214939]",https://kocanagozdu.si/ziva-slika-kamera/
Vršiška cesta,"[13.748237886172577, 46.43925653251191]",https://www.hribi.net/spletna_kamera/erjavceva_koca_na_vrsicu/4354
predor Mali vrh,"[14.60101330218158, 45.98160244043734]",https://kamere.dars.si/kamere/Debeli_hrib/K10_Mali_vrh_smer_NM.jpg
viadukt Reber,"[14.594950495749249, 45.98773388509237]",https://kamere.dars.si/kamere/Golovec/K18_Reber_LJ_3.jpg
viadukt Reber,"[14.594950495749249, 45.98773388509237]",https://kamere.dars.si/kamere/Golovec/K14_Reber_NM_4.jpg
Višnja Gora,"[14.72447444669389, 45.9611168934248]",https://kamere.dars.si/kamere/Dob/K31_V_gora_v_NM.jpg
Višnja Gora,"[14.72447444669389, 45.9611168934248]",https://kamere.dars.si/kamere/Dob/K28_V_gora_smer_NM.jpg
Višnja Gora 1,"[14.706095466908009, 45.966116469684316]",https://kamere.dars.si/kamere/Dob/K30_V_gora_iz_LJ.jpg
Višnja Gora 1,"[14.706095466908009, 45.966116469684316]",https://kamere.dars.si/kamere/Dob/K29_V_gora_iz_LJ.jpg
Dob,"[14.851340540737013, 45.92855212692465]",https://kamere.dars.si/kamere/Dob/CP_Dob_K17_PANORAMA_NM.jpg
Ivančna Gorica - Bič,"[14.851340540737013, 45.92855212692465]",https://kamere.dars.si/kamere/Dragomelj/Dob_Plato_LJ_1.jpg
Ivančna Gorica - Bič,"[14.851340540737013, 45.92855212692465]",https://kamere.dars.si/kamere/Dragomelj/Dob_Plato_LJ_2.jpg
pri Pluski,"[14.957754519893905, 45.91302727107632]",https://kamere.dars.si/kamere/Dob/K27_PLJUSKA_NM.jpg
pri Pluski,"[14.957754519893905, 45.91302727107632]",https://kamere.dars.si/kamere/Dob/K26_PLJUSKA_LJ.jpg
Hrastje,"[15.139001919887379, 45.86234603868973]",https://kamere.dars.si/kamere/Novo_Mesto/Hrastje_NM.jpg
Hrastje,"[15.139001919887379, 45.86234603868973]",https://kamere.dars.si/kamere/Novo_Mesto/Hrastje_LJ.jpg
Karteljevo,"[15.14562974311572, 45.85079239382057]",https://kamere.dars.si/kamere/Novo_mesto/Cam8_SD2_Karteljevo_LJ.jpg
Karteljevo,"[15.14562974311572, 45.85079239382057]",https://kamere.dars.si/kamere/Novo_mesto/Cam4_SD1_Karteljevo_NM.jpg
počivališče Starine,"[15.219069148210645, 45.842476714412555]",https://kamere.dars.si/kamere/Novo_mesto/POC_Starine_Smer_Ljubljana.jpg
počivališče Starine,"[15.219069148210645, 45.842476714412555]",https://kamere.dars.si/kamere/Novo_mesto/POC_Starine_smer_Obrezje.jpg
viadukt Dobovo,"[15.24130403392078, 45.85000835394268]",https://kamere.dars.si/kamere/Novo_mesto/Viadukt_Dobovo_Smer_Ljubljana.jpg
viadukt Dobovo,"[15.24130403392078, 45.85000835394268]",https://kamere.dars.si/kamere/Novo_mesto/Viadukt_Dobovo_smer_Obrezje.jpg
priključek Kronovo,"[15.251079306542135, 45.85482246219989]",https://kamere.dars.si/kamere/Novo_mesto/Izvoz_Kronovo_Smer_Obrezje.jpg
Dobruška vas,"[15.307717651724277, 45.88370663824373]",https://kamere.dars.si/kamere/Drnovo/K8_Dobruska_vas_smer_Zg.jpg
Dobruška vas,"[15.307717651724277, 45.88370663824373]",https://kamere.dars.si/kamere/Drnovo/K9_Dobruska_vas_smer_Nm.jpg
pred predorom Debeli hrib,"[14.567160938826504, 46.0074803000923]",https://kamere.dars.si/kamere/Debeli_hrib/K21_V_debeli_hrib_iz_LJ.jpg
predor Debeli hrib,"[14.567160938826504, 46.0074803000923]",https://kamere.dars.si/kamere/Debeli_hrib/K5_Debeli_hrib_smer_NM.jpg
predor Debeli hrib - razcep Malence,"[14.567160938826504, 46.0074803000923]",https://kamere.dars.si/kamere/Debeli_hrib/K15_Debeli_hrib_smer_LJ.jpg
priključek Obrežje,"[15.68275434165416, 45.858692186287406]",https://kamere.dars.si/kamere/Novo_mesto/Obrezje.jpg
Drnovo proti NM,"[15.46641047595473, 45.91289379518545]",https://kamere.dars.si/kamere/Drnovo/K36_Drnovo_LJ_Brezice.jpg
Drnovo proti Obrežju,"[15.46641047595473, 45.91289379518545]",https://kamere.dars.si/kamere/Drnovo/K37_Drnovo_Brezice_LJ.jpg
Krška vas,"[15.589462260537742, 45.89218906604915]",https://kamere.dars.si/kamere/Drnovo/K7_Krska_vas_smer_Zg.jpg
Krška vas,"[15.589462260537742, 45.89218906604915]",https://kamere.dars.si/kamere/Drnovo/K6_Krska_vas_smer_Nm.jpg
priključek Čatež,"[15.595468832413413, 45.892525480578136]",https://kamere.dars.si/kamere/Drnovo/K5_Gric.jpg
Mokrice,"[15.651254038120102, 45.87447543561678]",https://kamere.dars.si/kamere/Drnovo/K1_Mokrice_smer_Nm.jpg
Mokrice,"[15.651254038120102, 45.87447543561678]",https://kamere.dars.si/kamere/Drnovo/K2_Mokrice_smer_ZG.jpg
Prilipe,"[15.63529244278076, 45.87786509677872]",https://kamere.dars.si/kamere/Drnovo/K3_Prilipe_smer_Nm.jpg
Prilipe,"[15.63529244278076, 45.87786509677872]",https://kamere.dars.si/kamere/Drnovo/K4_Prilipe_smer_Zg.jpg
Krško,"[15.486630675767442, 45.95652337580692]",https://www.drsc.si/kamere/KamSlike/Krsko2/slike/Krs2_0001.jpg
Krško I,"[15.486630675767442, 45.95652337580692]",https://www.drsc.si/kamere/KamSlike/Krsko1/slike/Krs1_0001.jpg
Boštanj,"[15.290332927368878, 46.01296106499549]",http://www.drsc.si/kamere/KamSlike/Bostanj/slike/Bos1_0001.jpg
"Novo mesto, Ločenski most","[15.176857880076218, 45.81440364560455]",https://kamere.dars.si/kamere/drsi_cuvpkamere/NM_Seidlova_2.jpeg
Šentjernej I,"[15.337961191974598, 45.843498025903656]",https://kamere.dars.si/kamere/drsi_cuvpkamere/Šentjernej_1.jpeg
Šentjernej II,"[15.337927257575467, 45.84348579957841]",https://kamere.dars.si/kamere/drsi_cuvpkamere/Šentjernej_2.jpeg
Colnarji,"[14.892357027190798, 45.49824132435639]",https://www.drsc.si/kamere/KamSlike/Fara/slike/Far1_0001.jpg
Dolenja Nemška vas,"[15.041951036633089, 45.90046676683838]",https://www.drsc.si/kamere/KamSlike/Trebnje/Slike/Tre1_0001.jpg
Male Rebrce,"[14.881270586863234, 45.85662924657987]",https://www.drsc.si/kamere/KamSlike/MaleRebrce/slike/Mlr1_0001.jpg
Rigonce,"[15.677480685151364, 45.89335854904986]",https://www.drsc.si/kamere/KamSlike/Rigonce/slike/Rig1_0001.jpg
Rigonce,"[15.677480685151364, 45.89335854904986]",https://www.drsc.si/kamere/KamSlike/Rigonce2/slike/Rig2_0001.jpg
Slovenska vas 1,"[15.687775908944966, 45.84455765107926]",https://www.drsc.si/kamere/KamSlike/SlovenskaVas1/slike/Slv1_0001.jpg
Slovenska vas 2,"[15.686045324958164, 45.84443581236345]",https://www.drsc.si/kamere/KamSlike/SlovenskaVas2/slike/Slv2_0001.jpg
"R2-420, Brežice - Dobova, Dobova","[15.660790708087571, 45.896286396893984]",http://www.drsc.si/kamere/KamSlike/Dobova/slike/Dob1_0001.jpg
Poklek pri Podsredi,"[15.565931550240606, 46.03280911408114]",https://www.drsc.si/kamere/kamslike/Poklek/Pok1_0001.jpg
Vahta,"[15.233549910061422, 45.72343216433918]",https://www.drsc.si/kamere/KamSlike/Vahta/slike/Vah1_0001.jpg
Metlika,"[15.321444410288638, 45.63981978567657]",https://www.drsc.si/kamere/kamslike/Metlika/slike/Met1_0001.jpg
Dragatuš,"[15.174027539524019, 45.52078709826587]",https://www.drsc.si/kamere/kamslike/Dragatus/slike/Dra1_0001.jpg
Bizeljsko,"[15.681902956966985, 46.04633523360673]",https://www.drsc.si/kamere/KamSlike/Bizeljsko/slike/Biz1_0001.jpg
priključek Lj.-jug,"[14.55040093766843, 46.01313362735409]",https://kamere.dars.si/kamere/Golovec/K24_Rudnik_SD_1.jpg
pred razcepom Malence,"[14.55040093766843, 46.01313362735409]",https://kamere.dars.si/kamere/Golovec/K16_Malence_z_Barja.jpg
razcep Malence,"[14.55040093766843, 46.01313362735409]",https://kamere.dars.si/kamere/Golovec/K25_Malence_SD_2.jpg
počivališče Barje,"[14.484077146743523, 46.027960523168154]",https://kamere.dars.si/kamere/ljubljana/Kam20_pociva_Barje.jpg
Lj. - center/Kozarje,"[14.497211696845365, 46.02578741347495]",https://kamere.dars.si/kamere/ljubljana/K14_Center_smer_Kozarje.jpg
Lj. - center/Kozarje,"[14.497211696845365, 46.02578741347495]",https://kamere.dars.si/kamere/ljubljana/K04_Center_smer_Rudnik.jpg
Lj. - Rudnik,"[14.524883560130485, 46.017281038073335]",https://kamere.dars.si/kamere/ljubljana/K07_Izanka_smer_Kozarje.jpg
razcep Zadobrova,"[14.575276869855374, 46.063039243404795]",https://kamere.dars.si/kamere/Golovec/K11_Zadobrova_Domzale_10.jpg
razcep Zadobrova,"[14.575276869855374, 46.063039243404795]",https://kamere.dars.si/kamere/Golovec/K12_Zadobrova_Sneberje_6.jpg
priključek Lj.-ind. cona Moste,"[14.575276869855374, 46.063039243404795]",https://kamere.dars.si/kamere/Golovec/K15_Zadobrova_Zaloska.jpg
priključek Zaloška cesta,"[14.574053377126408, 46.05408735665578]",https://kamere.dars.si/kamere/Golovec/K13_Zadobrova_Letaliska_5.jpg
Brdo priključek,"[14.451827730724753, 46.0519187245744]",https://kamere.dars.si/kamere/Sentvid_Jug/cam5.jpg
Brdo priključek I,"[14.451827730724753, 46.0519187245744]",https://kamere.dars.si/kamere/Sentvid_Jug/cam6.jpg
razcep Kozarje II,"[14.451827730724753, 46.0519187245744]",https://kamere.dars.si/kamere/Sentvid_Jug/cam8.jpg
Litijska - Malence,"[14.570367912768598, 46.032554873806674]",https://kamere.dars.si/kamere/Golovec/Strmec_Bizovik.jpg
Grosuplje I,"[14.659304664206536, 45.956721027933085]",https://kamere.dars.si/kamere/drsi_cuvpkamere/Grosuplje_1.jpeg
Grosuplje II,"[14.659304664206536, 45.956721027933085]",https://kamere.dars.si/kamere/drsi_cuvpkamere/Grosuplje_2.jpeg
razcep Kozarje,"[14.459577185080912, 46.036401514342955]",https://kamere.dars.si/kamere/ljubljana/K03_Kozarje_drog.jpg
razcep Kozarje,"[14.459577185080912, 46.036401514342955]",https://kamere.dars.si/kamere/Sentvid_Jug/cam9.jpg
razcep Kozarje I,"[14.459577185080912, 46.036401514342955]",https://kamere.dars.si/kamere/Sentvid_Jug/cam10.jpg
LJ (Dunajska - Celovška),"[14.491235335152151, 46.08296909470861]",https://kamere.dars.si/kamere/Sentvid_Jug/cam7.jpg
odsek Koseze - Dravlje,"[14.465012444874132, 46.07350036243919]",https://kamere.dars.si/kamere/Sentvid_Jug/cam13.jpg
razcep Koseze,"[14.465012444874132, 46.07350036243919]",https://kamere.dars.si/kamere/Sentvid_Jug/cam12.jpg
rondo Tomačevo,"[14.52741946869442, 46.08063059446503]",https://kamere.dars.si/kamere/Golovec/K19_Rondo_Tomacevo_SD_31.jpg
Nove Jarše priključek,"[14.55799414639719, 46.06809275606381]",https://kamere.dars.si/kamere/Golovec/Portal_Nove_Jarse1.jpg
Nove Jarše priključek,"[14.55799414639719, 46.06809275606381]",https://kamere.dars.si/kamere/Golovec/Portal_Nove_Jarse2.jpg
Pijava Gorica,"[14.572541581686076, 45.95127366456574]",https://www.drsc.si/kamere/KamSlike/Skofljica/slike/Sko1_0001.jpg
Gorenje Podpoljane,"[14.667605247791636, 45.81137841450634]",https://www.drsc.si/kamere/kamslike/GPPoljane/slike/Gpp1_0001.jpg
Iga vas,"[14.485615648024185, 45.6900127323978]",https://www.drsc.si/kamere/kamslike/IgaVas/slike/Iga1_0001.jpg
Ig,"[14.51350378979323, 46.0102466180365]",https://www.drsc.si/kamere/kamslike/Izanka/slike/Iza1_0001.jpg
Rakitna,"[14.437377594258344, 45.89031822823869]",https://www.drsc.si/kamere/KamSlike/Rakitna/slike/Rak1_0001.jpg
Ločica (Laporje),"[14.615693911078568, 45.87124142477206]",https://www.drsc.si/kamere/kamslike/OCLocica/Ocl1_0001.jpg
Iga vas,"[14.506897755421528, 45.772700411334405]",https://www.drsc.si/kamere/kamslike/NovaVas/Nvs1_0001.jpg
Hrib - Loški Potok,"[14.590739602230324, 45.70132094078222]",https://www.drsc.si/kamere/kamslike/Hrib/Hlp1_0001.jpg
Škofljica,"[14.574703464097887, 45.984135339326315]",http://www.drsc.si/kamere/KamSlike/Skofljica2/slike/Sko2_0001.jpg
Lavrica,"[14.5545734423728, 46.00128068822347]",http://www.drsc.si/kamere/KamSlike/Lavrica/slike/Lav1_0001.jpg
Škofljica (Market),"[14.572892672942908, 45.98523844556835]",https://kamere.dars.si/kamere/drsi_cuvpkamere/Škofljica_1.jpeg
Škofljica (Market),"[14.572892672942908, 45.98523844556835]",https://kamere.dars.si/kamere/drsi_cuvpkamere/Škofljica_2.jpeg
Škofljica 1,"[14.565793867611156, 45.99033185333072]",https://kamere.dars.si/kamere/drsi_cuvpkamere/Škofljica_PP_(pri_Pečjaku)_VN1.jpeg
